player,name,surname,season,squad,mins,nineties,ga,ga90,pk,fk,ck,og,sota,sota90,psxg,psxg_sot,psxg_plus_minus,psxg90,launch_cmp,launch_att,launch_cmp_percent,pass_att,pass_thr,pass_launch_percent,pass_avg_len,goal_kick_att,goal_kick_launch_percent,goal_kick_avg_len,cross_att,cross_stp,cross_stp_perc,opa,opa90,sweep_avg_dist
Oliver Baumann,Oliver,Baumann,1920,Hoffenheim,2700,30,49,1.63,5,0,4,2,143,4.77,42.3,0.26,-4.7,-0.16,163,436,37.4,1038,181,32,32.7,265,39.2,36.7,308,16,5.2,33,1.1,15.3
Roman Bürki,Roman,Burki,1920,Dortmund,2770,30.8,40,1.3,3,0,8,3,93,3.02,34.7,0.36,-2.3,-0.07,116,320,36.3,843,181,29.8,32.8,204,33.8,34.3,221,15,6.8,27,0.88,14.8
Koen Casteels,Koen,Casteels,1920,Wolfsburg,2340,26,38,1.46,4,1,5,0,104,4,36.8,0.33,-1.2,-0.05,227,485,46.8,807,123,47,40.1,178,59.6,48.7,217,18,8.3,24,0.92,15.5
Mark Flekken,Mark,Flekken,1920,Freiburg,900,10,14,1.4,0,0,1,0,70,7,16.4,0.23,2.4,0.24,82,206,39.8,324,41,43.8,40.1,111,57.7,51.5,93,3,3.2,2,0.2,12.5
Rafał Gikiewicz,Rafal,Gikiewicz,1920,Union Berlin,2970,33,54,1.64,3,0,9,1,160,4.85,51,0.3,-2,-0.06,412,890,46.3,1087,124,61.5,47.4,269,82.2,60.7,295,28,9.5,23,0.7,15.3
Péter Gulácsi,Peter,Gulacsi,1920,RB Leipzig,2880,32,34,1.06,2,0,8,0,117,3.66,37.6,0.31,3.6,0.11,165,398,41.5,1042,183,30.5,33.1,226,35.4,35.2,243,19,7.8,48,1.5,17.2
Marwin Hitz,Marwin,Hitz,1920,Dortmund,290,3.2,1,0.31,0,0,0,0,7,2.19,2.7,0.39,1.7,0.53,9,24,37.5,75,14,20,31,25,36,39.9,21,2,9.5,4,1.24,17.5
Timo Horn,Timo,Horn,1920,Köln,3060,34,69,2.03,4,1,11,2,152,4.47,53.1,0.32,-13.9,-0.41,311,630,49.4,892,99,53.9,42.2,298,50,40.7,270,18,6.7,14,0.41,14.1
Lukáš Hrádecký,Lukas,Hradecky,1920,Leverkusen,3060,34,44,1.29,2,1,6,0,137,4.03,48.7,0.35,4.7,0.14,261,604,43.2,1362,205,37,35.7,234,42.7,38.9,218,21,9.6,29,0.85,15.8
Jannik Huth,Jannik,Huth,1920,Paderborn 07,540,6,17,2.83,1,0,1,0,32,5.33,11.7,0.34,-5.3,-0.88,34,83,41,205,37,33.7,34,49,28.6,33.4,43,4,9.3,4,0.67,15.9
Rune Jarstein,Rune,Jarstein,1920,Hertha BSC,2547,28.3,46,1.63,7,3,6,2,131,4.63,38.8,0.25,-5.2,-0.18,290,620,46.8,786,122,57.6,43.1,221,75.6,53.5,281,27,9.6,16,0.57,12.9
Stefanos Kapino,Stefanos,Kapino,1920,Werder Bremen,90,1,2,2,0,0,0,0,5,5,1.4,0.29,-0.6,-0.57,9,18,50,25,8,48,40,9,66.7,45.6,19,0,0,1,1,13.4
Florian Kastenmeier,Florian,Kastenmeier,1920,Düsseldorf,1530,17,31,1.82,2,0,3,3,76,4.47,24.4,0.3,-3.6,-0.21,140,330,42.4,519,56,51.1,42.5,111,58.6,48.3,105,4,3.8,14,0.82,15.5
Tomáš Koubek,Tomas,Koubek,1920,Augsburg,2160,24,51,2.12,0,0,4,2,122,5.08,45,0.37,-4,-0.17,162,494,32.8,628,103,54.1,45.2,212,72.6,57.3,230,15,6.5,23,0.96,15.5
Thomas Kraft,Thomas,Kraft,1920,Hertha BSC,360,4,9,2.25,0,0,2,0,20,5,7.1,0.35,-1.9,-0.48,38,88,43.2,96,15,64.6,45.4,33,78.8,55.3,44,2,4.5,4,1,17.2
Andreas Luthe,Andreas,Luthe,1920,Augsburg,900,10,12,1.2,0,0,0,1,35,3.5,14,0.42,3,0.3,71,190,37.4,328,50,43.6,39.3,91,51.6,43,113,12,10.6,4,0.4,13.2
Florian Müller,Florian,Muller,1920,Mainz 05,1125,12.5,25,2,2,2,2,0,64,5.12,23.1,0.33,-1.9,-0.15,88,215,40.9,363,77,38.3,36.6,119,63.9,50.2,116,8,6.9,14,1.12,16.1
Yvon Mvogo,Yvon,Mvogo,1920,RB Leipzig,180,2,3,1.5,0,0,0,0,5,2.5,1.6,0.32,-1.4,-0.7,7,18,38.9,69,9,21.7,29.7,10,30,29.4,13,1,7.7,2,1,16.1
Manuel Neuer,Manuel,Neuer,1920,Bayern Munich,2970,33,31,0.94,3,0,6,1,111,3.36,32.5,0.27,2.5,0.08,218,370,58.9,1267,202,26,30.1,179,22.3,29,195,13,6.7,54,1.64,19.3
Moritz Nicolas,Moritz,Nicolas,1920,Union Berlin,90,1,4,4,0,0,1,0,8,8,2.9,0.36,-1.1,-1.15,8,20,40,29,0,55.2,44.7,7,57.1,48.9,4,0,0,1,1,13.7
Alexander Nübel,Alexander,Nubel,1920,Schalke 04,2315,25.7,40,1.56,4,1,6,2,114,4.44,37.1,0.3,-0.9,-0.03,169,443,38.1,802,111,39.7,37.9,207,60.4,47.1,214,10,4.7,16,0.62,14.6
Jiří Pavlenka,Jiri,Pavlenka,1920,Werder Bremen,2970,33,67,2.03,1,1,13,3,170,5.15,49,0.28,-15,-0.46,245,580,42.2,904,162,45.8,39.3,296,56.1,44.7,356,14,3.9,23,0.7,14.3
Philipp Pentke,Philipp,Pentke,1920,Hoffenheim,360,4,4,1,1,0,0,0,20,5,6.1,0.26,2.1,0.51,20,54,37,133,23,33.1,33.5,29,34.5,37.1,47,3,6.4,8,2,16
Pavao Pervan,Pavao,Pervan,1920,Wolfsburg,720,8,8,1,1,0,0,0,36,4.5,9.2,0.25,1.2,0.15,54,134,40.3,205,38,49.3,39.9,62,53.2,46.2,73,3,4.1,6,0.75,15
Frederik Rønnow,Frederik,Ronnow,1920,Eint Frankfurt,810,9,14,1.56,2,0,0,0,47,5.22,15.7,0.3,1.7,0.19,89,187,47.6,282,38,53.2,40.7,62,59.7,46,72,5,6.9,4,0.44,13.9
Markus Schubert,Markus,Schubert,1920,Schalke 04,742,8.2,18,2.18,2,1,4,0,52,6.34,17.8,0.32,-0.2,-0.02,55,177,31.1,257,29,52.9,42.1,60,68.3,51,89,6,6.7,5,0.61,12.8
Alexander Schwolow,Alexander,Schwolow,1920,Freiburg,2091,23.2,32,1.38,3,0,5,0,114,4.91,31.2,0.26,-0.8,-0.03,179,477,37.5,730,115,40.5,38,249,72.7,58.3,214,14,6.5,10,0.43,13
Dennis Smarsch,Dennis,Smarsch,1920,Hertha BSC,151,1.7,4,2.38,0,0,1,0,11,6.47,3.7,0.34,-0.3,-0.17,13,31,41.9,54,9,37,35.9,16,68.8,50.6,13,2,15.4,2,1.19,16.1
Yann Sommer,Yann,Sommer,1920,M'Gladbach,3060,34,40,1.18,1,1,3,0,152,4.47,44.3,0.28,4.3,0.13,230,486,47.3,1260,167,30.2,33.1,285,37.2,36.4,286,14,4.9,31,0.91,14.3
Zack Steffen,Zack,Steffen,1920,Düsseldorf,1530,17,36,2.12,1,1,6,1,95,5.59,31.9,0.32,-3.1,-0.18,156,327,47.7,477,101,48.6,41.9,143,66.4,55.3,145,9,6.2,11,0.65,13.6
Niclas Thiede,Niclas,Thiede,1920,Freiburg,69,0.8,1,1.3,0,0,0,0,4,5,1,0.24,0,-0.04,1,9,11.1,34,11,26.5,32.1,7,0,20.4,8,1,12.5,1,1.3,14.9
Kevin Trapp,Kevin,Trapp,1920,Eint Frankfurt,1980,22,38,1.73,1,1,3,2,104,4.73,32,0.3,-4,-0.18,181,403,44.9,794,90,42.3,37.1,145,46.2,41.2,168,17,10.1,21,0.95,15.1
Sven Ulreich,Sven,Ulreich,1920,Bayern Munich,90,1,1,1,0,0,0,0,3,3,1.4,0.5,0.4,0.44,7,13,53.8,42,5,26.2,28.1,10,20,25.7,10,1,10,1,1,12
Felix Wiedwald,Felix,Wiedwald,1920,Eint Frankfurt,270,3,8,2.67,0,0,2,0,21,7,6.7,0.32,-1.3,-0.43,26,52,50,79,14,49.4,38,24,54.2,41.8,28,2,7.1,3,1,16.1
Robin Zentner,Robin,Zentner,1920,Mainz 05,1935,21.5,40,1.86,1,0,6,1,113,5.26,37,0.32,-2,-0.1,135,409,33,604,144,47.4,40.8,196,62.8,51.6,226,23,10.2,20,0.93,16.2
Leopold Zingerle,Leopold,Zingerle,1920,Paderborn 07,2520,28,57,2.04,3,3,7,2,147,5.25,56.8,0.38,1.8,0.07,192,380,50.5,982,187,31.1,32.3,235,31.9,32.5,259,10,3.9,17,0.61,14
Oliver Baumann,Oliver,Baumann,1819,Hoffenheim,2970,33,51,1.55,6,0,5,1,159,4.82,54.6,0.32,4.6,0.14,210,453,46.4,1047,183,32.5,32.6,242,46.7,42.9,298,25,8.4,162,4.91,16.8
Fabian Bredlow,Fabian,Bredlow,1819,Nürnberg,1127,12.5,28,2.24,1,0,2,0,60,4.8,19.1,0.31,-8.9,-0.71,65,200,32.5,350,43,40.6,37,115,50.4,47.8,107,4,3.7,69,5.51,12.9
Roman Bürki,Roman,Burki,1819,Dortmund,2880,32,40,1.25,4,1,7,0,125,3.91,38.8,0.3,-1.2,-0.04,167,474,35.2,842,169,38.5,36.5,224,67,51.6,276,16,5.8,160,5,15.6
Koen Casteels,Koen,Casteels,1819,Wolfsburg,2295,25.5,39,1.53,4,3,2,0,121,4.75,42.6,0.33,3.6,0.14,217,477,45.5,991,150,36.8,37.7,200,56,50.1,243,28,11.5,117,4.59,14.8
Jaroslav Drobný,Jaroslav,Drobny,1819,Düsseldorf,180,2,3,1.5,0,0,0,0,9,4.5,2.9,0.34,-0.1,-0.07,12,22,54.5,27,5,66.7,44.7,10,40,40.3,8,0,0,4,2,15.2
Michael Esser,Michael,Esser,1819,Hannover 96,2880,32,67,2.09,5,1,12,1,209,6.53,59,0.26,-6,-0.19,313,653,47.9,947,141,51.2,40.7,284,59.2,46.3,353,17,4.8,163,5.09,15
Ralf Fährmann,Ralf,Fahrmann,1819,Schalke 04,1469,16.3,26,1.59,2,1,4,1,80,4.91,25.6,0.32,0.6,0.04,114,256,44.5,396,68,46.2,40.6,118,61.9,49.4,138,12,8.7,55,3.37,17.2
Mark Flekken,Mark,Flekken,1819,Freiburg,90,1,1,1,0,0,0,0,5,5,0.4,0.07,-0.6,-0.63,8,13,61.5,24,1,41.7,37.2,5,60,53.6,3,0,0,1,1,13
Fabian Giefer,Fabian,Giefer,1819,Augsburg,360,4,7,1.75,0,0,1,0,18,4.5,5.7,0.31,-1.3,-0.34,28,63,44.4,85,15,55.3,44.1,24,66.7,54.7,38,0,0,26,6.5,10.3
Péter Gulácsi,Peter,Gulacsi,1819,RB Leipzig,2925,32.5,28,0.86,4,1,4,1,108,3.32,34.2,0.3,8.2,0.25,253,619,40.9,792,124,54.4,44.3,218,86.2,61.6,242,15,6.2,163,5.02,17.1
Marwin Hitz,Marwin,Hitz,1819,Dortmund,180,2,4,2,0,0,1,0,5,2.5,3,0.6,-1,-0.51,7,20,35,52,6,26.9,31.8,13,46.2,45.9,22,2,9.1,10,5,14
Lukáš Hrádecký,Lukas,Hradecky,1819,Leverkusen,2880,32,49,1.53,3,2,10,2,125,3.91,39.7,0.29,-5.3,-0.17,238,509,46.8,1168,160,34.6,35,196,53.6,44.6,233,22,9.4,130,4.06,16
Rune Jarstein,Rune,Jarstein,1819,Hertha BSC,2745,30.5,48,1.57,2,1,6,2,141,4.62,47.1,0.32,1.1,0.04,369,818,45.1,884,102,63.8,45.9,277,91.7,64.1,270,32,11.9,124,4.07,13.8
Stefanos Kapino,Stefanos,Kapino,1819,Werder Bremen,45,0.5,1,2,0,0,0,0,3,6,0.7,0.27,-0.3,-0.52,1,4,25,13,7,23.1,31.2,3,33.3,39,5,0,0,2,4,7
Gregor Kobel,Gregor,Kobel,1819,Hoffenheim,90,1,1,1,1,0,0,0,6,6,1.8,0.13,0.8,0.77,15,30,50,37,3,67.6,47.2,5,100,66.2,10,1,10,6,6,16.5
Gregor Kobel,Gregor,Kobel,1819,Augsburg,1390,15.4,42,2.72,1,1,9,1,85,5.52,29.7,0.33,-11.3,-0.73,83,235,35.3,408,72,41.2,37.2,116,57.8,49.8,143,14,9.8,71,4.6,14.7
Thomas Kraft,Thomas,Kraft,1819,Hertha BSC,315,3.5,9,2.57,2,0,0,0,13,3.71,4.6,0.27,-4.4,-1.25,38,86,44.2,94,7,63.8,43.7,29,89.7,61.7,18,1,5.6,12,3.43,13.7
Andreas Luthe,Andreas,Luthe,1819,Augsburg,1310,14.6,22,1.51,0,1,2,1,77,5.27,21.8,0.29,0.8,0.06,95,235,40.4,351,54,49.6,40.4,128,47.7,41.6,106,5,4.7,63,4.33,14.2
Christian Mathenia,Christian,Mathenia,1819,Nürnberg,1933,21.5,40,1.86,1,1,6,2,116,5.4,41.1,0.35,3.1,0.14,191,506,37.7,678,94,50.9,43.2,218,73.9,58.3,308,37,12,118,5.49,12.1
Florian Müller,Florian,Muller,1819,Mainz 05,2160,24,43,1.79,3,0,6,0,118,4.92,39.8,0.33,-3.2,-0.13,173,452,38.3,621,104,47,41.3,207,77.3,58.8,226,7,3.1,122,5.08,15.5
Yvon Mvogo,Yvon,Mvogo,1819,RB Leipzig,135,1.5,2,1.33,1,0,0,0,3,2,1.3,0.16,-0.7,-0.46,9,14,64.3,25,4,40,38.3,6,66.7,47.7,11,0,0,5,3.33,9.6
Manuel Neuer,Manuel,Neuer,1819,Bayern Munich,2303,25.6,23,0.9,3,0,2,1,51,1.99,16.6,0.28,-5.4,-0.21,132,271,48.7,796,109,30.9,32.5,120,20.8,33.1,127,9,7.1,84,3.28,18.1
Alexander Nübel,Alexander,Nubel,1819,Schalke 04,1588,17.6,29,1.64,3,0,0,0,77,4.38,28.4,0.33,-0.6,-0.03,129,297,43.4,394,57,48,41,133,81.2,57.9,145,10,6.9,63,3.57,13.9
Ramazan Özcan,Ramazan,Ozcan,1819,Leverkusen,180,2,5,2.5,1,0,1,0,12,6,5.5,0.33,0.5,0.25,14,40,35,53,7,58.5,45.9,9,100,67.3,16,0,0,5,2.5,15.2
Jiří Pavlenka,Jiri,Pavlenka,1819,Werder Bremen,2978,33.1,47,1.42,3,2,5,0,153,4.62,45.4,0.28,-1.6,-0.05,257,565,45.5,920,157,43,38.4,303,55.8,46,308,17,5.5,166,5.02,14
Pavao Pervan,Pavao,Pervan,1819,Wolfsburg,765,8.5,11,1.29,0,0,1,0,41,4.82,13.5,0.33,2.5,0.3,80,163,49.1,274,37,42.3,38.6,73,64.4,53.2,87,6,6.9,27,3.18,11.6
Michael Rensing,Michael,Rensing,1819,Düsseldorf,2880,32,62,1.94,7,1,8,0,164,5.13,54.6,0.31,-7.4,-0.23,244,600,40.7,688,145,47.8,40.7,320,84.7,60.2,336,27,8,142,4.44,12.7
Frederik Rønnow,Frederik,Ronnow,1819,Eint Frankfurt,122,1.4,0,0,0,0,0,0,8,5.71,1.3,0.17,1.3,0.96,16,40,40,39,2,74.4,52,12,91.7,63.8,8,0,0,8,5.9,13
Samuel Şahin-Radlinger,Samuel,Sahin-Radlinger,1819,Hannover 96,90,1,2,2,0,0,0,0,6,6,1.8,0.42,-0.2,-0.22,10,15,66.7,20,6,45,38.6,8,75,58.5,7,1,14.3,7,7,19.1
Alexander Schwolow,Alexander,Schwolow,1819,Freiburg,2970,33,60,1.82,7,0,12,0,162,4.91,53.2,0.3,-6.8,-0.21,288,708,40.7,941,136,47.4,41,327,80.1,64.1,343,16,4.7,173,5.24,13.7
Yann Sommer,Yann,Sommer,1819,M'gladbach,3060,34,43,1.26,3,0,3,0,154,4.53,49.9,0.32,7.9,0.23,225,539,41.7,1334,190,31.6,33.6,262,45,42.2,290,25,8.6,164,4.82,14.6
Kevin Trapp,Kevin,Trapp,1819,Eint Frankfurt,2938,32.6,48,1.47,1,1,6,1,159,4.88,47.1,0.3,0.1,0,359,774,46.4,990,107,59.1,43.2,219,86.3,61.7,283,28,9.9,194,5.94,15.1
Philipp Tschauner,Philipp,Tschauner,1819,Hannover 96,90,1,3,3,1,0,0,0,5,5,2.9,0.42,-0.1,-0.06,2,9,22.2,19,3,36.8,35.5,8,25,32.3,2,0,0,4,4,7.3
Sven Ulreich,Sven,Ulreich,1819,Bayern Munich,757,8.4,9,1.07,2,1,1,0,20,2.38,7.5,0.32,-1.5,-0.17,26,62,41.9,218,56,25.2,29.5,36,19.4,33.3,33,0,0,47,5.59,17.4
Robin Zentner,Robin,Zentner,1819,Mainz 05,900,10,14,1.4,0,1,2,0,51,5.1,15.8,0.31,1.8,0.18,54,187,28.9,256,54,44.1,39.3,91,81.3,63,111,15,13.5,58,5.8,14.7
Ron-Robert Zieler,Ron-Robert,Zieler,1819,Stuttgart,3060,34,70,2.06,2,2,6,5,178,5.24,59.1,0.33,-5.9,-0.17,246,746,33,908,124,58.6,45.2,300,71.3,57.6,310,13,4.2,178,5.24,16
Oliver Baumann,Oliver,Baumann,2021,Hoffenheim,1080,12,22,1.83,3,0,1,0,60,5,22.3,0.33,0.3,0.03,74,186,39.8,426,65,35.7,33.6,99,34.3,34.2,104,2,1.9,17,1.42,16.8
Roman Bürki,Roman,Burki,2021,Dortmund,990,11,18,1.64,2,0,4,0,40,3.64,14.2,0.32,-3.8,-0.35,34,97,35.1,273,53,29.7,31.6,52,30.8,32.3,61,3,4.9,4,0.36,14.6
Koen Casteels,Koen,Casteels,2021,Wolfsburg,1080,12,12,1,2,0,2,1,35,2.92,11.6,0.28,0.6,0.05,96,210,45.7,377,66,42.2,37.8,70,72.9,54.4,104,12,11.5,9,0.75,14.8
Ralf Fährmann,Ralf,Fahrmann,2021,Schalke 04,495,5.5,19,3.45,2,0,2,2,28,5.09,11.7,0.36,-5.3,-0.97,29,88,33,162,34,37.7,34.8,46,58.7,45.3,44,2,4.5,7,1.27,15.3
Rafał Gikiewicz,Rafal,Gikiewicz,2021,Augsburg,1170,13,20,1.54,2,0,0,1,65,5,18,0.25,0,0,90,230,39.1,452,87,38.7,34.9,111,49.5,44.2,146,10,6.8,10,0.77,15
Péter Gulácsi,Peter,Gulacsi,2021,RB Leipzig,1170,13,9,0.69,0,0,1,0,33,2.54,7.1,0.21,-1.9,-0.15,62,121,51.2,391,63,26.6,31,68,25,30.5,84,6,7.1,20,1.54,18.2
Marwin Hitz,Marwin,Hitz,2021,Dortmund,180,2,0,0,0,0,0,0,5,2.5,0.7,0.13,0.7,0.33,14,25,56,61,11,31.1,31.5,10,60,49.4,9,3,33.3,1,0.5,16
Timo Horn,Timo,Horn,2021,Köln,1119,12.4,20,1.61,4,1,2,0,58,4.68,18.7,0.24,-1.3,-0.1,126,264,47.7,416,42,51.7,41.2,87,56.3,45.6,104,3,2.9,9,0.72,13.4
Lukáš Hrádecký,Lukas,Hradecky,2021,Leverkusen,1170,13,12,0.92,1,0,0,1,32,2.46,12.2,0.32,1.2,0.09,94,246,38.2,591,67,36.2,34.8,72,44.4,36.4,86,6,7,17,1.31,17.9
Gregor Kobel,Gregor,Kobel,2021,Stuttgart,1170,13,20,1.54,2,1,2,0,60,4.62,16.5,0.25,-3.5,-0.27,59,136,43.4,374,82,31,31,104,19.2,22.2,125,3,2.4,10,0.77,14.2
Michael Langer,Michael,Langer,2021,Schalke 04,90,1,3,3,0,0,1,1,9,9,3.1,0.35,1.1,1.13,8,14,57.1,13,1,53.8,40.8,15,46.7,36.6,9,0,0,0,0,6
Andreas Luthe,Andreas,Luthe,2021,Union Berlin,1170,13,18,1.38,0,0,6,0,50,3.85,15.5,0.31,-2.5,-0.19,80,226,35.4,362,45,45,38.9,87,72.4,49.8,102,4,3.9,3,0.23,12.4
Florian Müller,Florian,Muller,2021,Freiburg,1170,13,23,1.77,2,2,2,0,59,4.54,20,0.31,-3,-0.23,79,247,32,397,47,41.3,39.8,110,75.5,58.4,96,5,5.2,5,0.38,13.7
Manuel Neuer,Manuel,Neuer,2021,Bayern Munich,1170,13,19,1.46,1,0,3,0,54,4.15,22.3,0.4,3.3,0.25,104,167,62.3,481,82,29.9,31.8,76,30.3,32.6,99,2,2,17,1.31,16.3
Stefan Ortega,Stefan,Ortega,2021,Arminia,1170,13,23,1.77,2,0,4,0,66,5.08,22.5,0.31,-0.5,-0.04,166,373,44.5,658,49,49.1,41.7,87,57.5,46.1,131,6,4.6,11,0.85,14.5
Jiří Pavlenka,Jiri,Pavlenka,2021,Werder Bremen,1170,13,21,1.62,2,0,1,1,56,4.31,17,0.25,-3,-0.23,93,203,45.8,340,68,43.2,37.8,99,56.6,44.8,133,8,6,7,0.54,12.8
Philipp Pentke,Philipp,Pentke,2021,Hoffenheim,90,1,1,1,0,0,0,0,2,2,0.4,0.21,-0.6,-0.57,2,6,33.3,25,5,20,29.8,4,25,31.5,2,0,0,1,1,20.3
Pavao Pervan,Pavao,Pervan,2021,Wolfsburg,90,1,1,1,0,0,1,0,7,7,2.7,0.39,1.7,1.72,8,19,42.1,23,1,56.5,43.2,9,66.7,53.4,13,1,7.7,0,0,11.3
Frederik Rønnow,Frederik,Ronnow,2021,Schalke 04,585,6.5,14,2.15,4,0,4,0,45,6.92,16.3,0.3,2.3,0.36,31,76,40.8,179,41,30.7,32.1,52,40.4,36.8,36,1,2.8,2,0.31,13.5
Alexander Schwolow,Alexander,Schwolow,2021,Hertha BSC,1170,13,24,1.85,4,0,2,0,52,4,22.1,0.36,-1.9,-0.15,94,197,47.7,376,57,36.4,34.9,111,54.1,45.4,113,8,7.1,8,0.62,14.3
Tobias Sippel,Tobias,Sippel,2021,M'Gladbach,90,1,1,1,0,0,0,0,2,2,1.2,0.59,0.2,0.18,5,9,55.6,20,2,40,34.9,5,20,20.2,6,1,16.7,2,2,24
Yann Sommer,Yann,Sommer,2021,M'Gladbach,1080,12,21,1.75,3,0,3,0,45,3.75,17.5,0.33,-3.5,-0.29,77,171,45,445,50,33.3,32.6,90,25.6,27.8,84,8,9.5,3,0.25,12.7
Kevin Trapp,Kevin,Trapp,2021,Eint Frankfurt,1170,13,22,1.69,4,1,2,1,63,4.85,21.2,0.29,0.2,0.02,115,273,42.1,446,68,49.6,38.9,97,53.6,44,119,12,10.1,9,0.69,14.8
Robin Zentner,Robin,Zentner,2021,Mainz 05,1170,13,26,2,2,1,3,1,70,5.38,20.5,0.28,-4.5,-0.35,61,189,32.3,370,95,35.1,34.8,106,55.7,47.3,130,10,7.7,12,0.92,14
Ron-Robert Zieler,Ron-Robert,Zieler,2021,Köln,51,0.6,1,1.76,1,0,0,0,2,3.33,0.7,0.01,-0.3,-0.46,6,11,54.5,17,4,35.3,35,6,83.3,49.7,10,0,0,0,0,11.8
René Adler,Rene,Adler,1718,Mainz 05,1260,14,18,1.29,1,0,5,0,51,3.64,18.6,0.36,0.6,0.04,84,218,38.5,296,40,48,40.7,90,84.4,61.3,130,9,6.9,12,0.86,15.9
Oliver Baumann,Oliver,Baumann,1718,Hoffenheim,3060,34,48,1.41,3,1,9,3,146,4.29,41.2,0.26,-3.8,-0.11,219,620,35.3,1175,173,40.8,35.9,230,61.3,48.7,311,20,6.4,37,1.09,15.6
Roman Bürki,Roman,Burki,1718,Dortmund,2969,33,43,1.3,2,1,3,0,140,4.24,47.9,0.33,4.9,0.15,184,517,35.6,1027,169,35.7,36.1,219,68.5,55.2,268,27,10.1,38,1.15,17.5
Koen Casteels,Koen,Casteels,1718,Wolfsburg,3060,34,48,1.41,6,1,5,2,143,4.21,51.2,0.31,5.2,0.15,269,704,38.2,1026,198,49.9,41.1,270,71.1,55.1,298,35,11.7,22,0.65,13.6
Michael Esser,Michael,Esser,1718,Hannover 96,270,3,9,3,0,0,0,0,21,7,5.2,0.25,-3.8,-1.27,20,54,37,95,18,46.3,37.1,26,38.5,38.3,32,3,9.4,2,0.67,13.2
Ralf Fährmann,Ralf,Fahrmann,1718,Schalke 04,3015,33.5,37,1.1,3,0,3,1,121,3.61,33.2,0.26,-2.8,-0.08,180,496,36.3,699,122,49.9,41.1,217,67.7,50.7,290,37,12.8,15,0.45,14.3
Rafał Gikiewicz,Rafal,Gikiewicz,1718,Freiburg,154,1.7,3,1.75,0,0,0,0,7,4.12,2.2,0.31,-0.8,-0.47,26,59,44.1,52,8,69.2,50.3,24,95.8,68.2,28,4,14.3,2,1.18,14.2
Péter Gulácsi,Peter,Gulacsi,1718,RB Leipzig,2970,33,52,1.58,5,0,9,0,143,4.33,50.7,0.33,-1.3,-0.04,226,550,41.1,870,141,46.3,39.9,196,75,55.2,278,24,8.6,32,0.97,17.2
Marwin Hitz,Marwin,Hitz,1718,Augsburg,2880,32,42,1.31,1,2,10,1,159,4.97,42.8,0.26,1.8,0.06,272,576,47.2,860,136,49.5,41.2,246,61,48.5,246,18,7.3,23,0.72,14.4
Timo Horn,Timo,Horn,1718,Köln,3060,34,70,2.06,8,0,7,0,197,5.79,71.7,0.33,1.7,0.05,293,755,38.8,774,82,66.3,48.9,279,86.7,61.7,370,28,7.6,33,0.97,15.7
Lukáš Hrádecký,Lukas,Hradecky,1718,Eint Frankfurt,3060,34,45,1.32,2,2,8,2,133,3.91,41,0.3,-2,-0.06,282,704,40.1,1060,164,50.8,41.5,216,76.9,58.9,301,24,8,35,1.03,15.2
Rune Jarstein,Rune,Jarstein,1718,Hertha BSC,2790,31,44,1.42,5,0,8,1,130,4.19,36.7,0.25,-6.3,-0.2,297,772,38.5,860,90,65.6,47.1,233,89.3,63,292,20,6.8,14,0.45,13.2
Thomas Kraft,Thomas,Kraft,1718,Hertha BSC,270,3,2,0.67,1,0,0,0,12,4,3.8,0.24,1.8,0.59,27,81,33.3,108,6,61.1,43.7,28,53.6,46.3,25,0,0,3,1,16
Bernd Leno,Bernd,Leno,1718,Leverkusen,2970,33,40,1.21,5,2,3,0,104,3.15,34.5,0.29,-5.5,-0.17,216,578,37.4,982,131,44.6,38.8,225,62.2,50.6,223,12,5.4,32,0.97,18
Andreas Luthe,Andreas,Luthe,1718,Augsburg,180,2,4,2,1,0,1,0,6,3,3.4,0.41,-0.6,-0.31,13,29,44.8,66,12,36.4,35.8,14,35.7,39.3,20,4,20,3,1.5,16.5
Christian Mathenia,Christian,Mathenia,1718,Hamburger SV,2160,24,38,1.58,3,0,4,1,93,3.88,36.4,0.38,-0.6,-0.02,126,432,29.2,507,73,57.2,44.7,181,78.5,58.5,180,9,5,11,0.46,14.3
Florian Müller,Florian,Muller,1718,Mainz 05,450,5,7,1.4,0,0,2,0,19,3.8,6.1,0.3,-0.9,-0.18,31,98,31.6,119,24,52.9,42,41,85.4,60.6,51,1,2,3,0.6,13.6
Yvon Mvogo,Yvon,Mvogo,1718,RB Leipzig,90,1,1,1,0,0,0,0,4,4,1.2,0.29,0.2,0.16,7,14,50,32,5,31.3,29.9,4,100,70,6,0,0,4,4,21.7
Manuel Neuer,Manuel,Neuer,1718,Bayern Munich,270,3,2,0.67,0,0,0,0,8,2.67,1.5,0.19,-0.5,-0.17,18,28,64.3,73,8,35.6,34.3,8,25,32.6,5,0,0,1,0.33,12.1
Alexander Nübel,Alexander,Nubel,1718,Schalke 04,45,0.5,0,0,0,0,0,0,2,4,0.4,0.19,0.4,0.75,6,13,46.2,13,3,38.5,42.2,9,88.9,53.6,5,0,0,0,0,12.5
Ramazan Özcan,Ramazan,Ozcan,1718,Leverkusen,90,1,4,4,0,0,0,0,7,7,3.2,0.42,-0.8,-0.78,4,12,33.3,32,6,31.3,34.1,6,33.3,32.8,6,0,0,1,1,19.2
Jiří Pavlenka,Jiri,Pavlenka,1718,Werder Bremen,3060,34,40,1.18,2,0,6,2,157,4.62,44.1,0.27,6.1,0.18,250,613,40.8,901,175,50.9,42.4,244,63.1,51.7,282,18,6.4,14,0.41,13.3
Julian Pollersbeck,Julian,Pollersbeck,1718,Hamburger SV,900,10,15,1.5,0,1,1,0,47,4.7,16.5,0.37,1.5,0.15,80,213,37.6,481,46,38.3,36.7,63,46,44,72,9,12.5,20,2,18.8
Alexander Schwolow,Alexander,Schwolow,1718,Freiburg,2906,32.3,53,1.64,4,1,9,4,142,4.4,44.6,0.3,-4.4,-0.14,319,791,40.3,1022,116,52.4,42.7,288,88.5,66,326,19,5.8,30,0.93,18.2
Tobias Sippel,Tobias,Sippel,1718,M'Gladbach,435,4.8,10,2.07,0,0,0,0,24,5,10,0.42,0,0,34,90,37.8,148,14,45.3,41,29,79.3,58.2,41,2,4.9,6,1.25,18
Yann Sommer,Yann,Sommer,1718,M'Gladbach,2625,29.2,42,1.44,4,0,6,1,145,4.97,40.8,0.27,-0.2,-0.01,199,520,38.3,986,132,38.5,35.8,228,61.4,48.1,315,26,8.3,16,0.55,13.8
Tom Starke,Tom,Starke,1718,Bayern Munich,180,2,0,0,0,0,0,0,6,3,1.5,0.25,1.5,0.76,10,22,45.5,46,9,34.8,33.3,9,66.7,46.7,15,2,13.3,3,1.5,23.6
Philipp Tschauner,Philipp,Tschauner,1718,Hannover 96,2790,31,45,1.45,2,1,12,0,152,4.9,47.5,0.31,2.5,0.08,271,579,46.8,852,150,49.3,38.8,252,63.1,45.7,297,10,3.4,21,0.68,15.3
Sven Ulreich,Sven,Ulreich,1718,Bayern Munich,2610,29,26,0.9,1,1,2,3,79,2.72,25,0.28,2,0.07,130,337,38.6,790,139,35.2,34.1,136,43.4,41.7,168,12,7.1,25,0.86,16.8
Roman Weidenfeller,Roman,Weidenfeller,1718,Dortmund,91,1,4,3.96,0,0,1,0,7,7,3.4,0.49,-0.6,-0.59,4,26,15.4,34,1,55.9,40.3,8,87.5,60.8,7,0,0,1,1,17.4
Robin Zentner,Robin,Zentner,1718,Mainz 05,1350,15,27,1.8,4,1,3,1,66,4.4,25.6,0.34,-0.4,-0.03,97,298,32.6,387,79,53,42.4,124,75,57.3,116,11,9.5,19,1.27,15.6
Ron-Robert Zieler,Ron-Robert,Zieler,1718,Stuttgart,3060,34,36,1.06,4,2,2,0,146,4.29,43,0.27,7,0.21,299,880,34,1015,111,63.6,46.8,279,83.9,62.8,359,28,7.8,23,0.68,14.9
